รหัสนักศึกษา,ชื่อ-สกุล,ระดับ,รหัสกลุ่ม
6311000041,นาย กูอามิง ประกอบการคดี,ประถมศึกษา,210008
6321000039,นาย อิมรอน ยะโกะ,ประถมศึกษา,210015
6321000105,นาย ยากี ลาเก๊ะมา,ประถมศึกษา,210008
6421000014,นาย รุสลัม สะดีเยาะ,ประถมศึกษา,210002
6421000126,นาย รอมมือลี การะเจ็ง,ประถมศึกษา,210002
6521000017,นาย ดอเลาะ หะยีบีดิง,ประถมศึกษา,210002
6521000062,นาย นาเซ หะสะนิ,ประถมศึกษา,210015
6611000059,นาย อาสือมัน เจะแว,ประถมศึกษา,210002
6621000010,นาย อับดุล ม่วงพัน,ประถมศึกษา,210002
6621000047,นางสาว นูรซูไฮดา อารง,ประถมศึกษา,210008
6621000065,นางสาว ซารีนา มาหะมะ,ประถมศึกษา,210008
6621000122,นางสาว มารียานี แกมะ,ประถมศึกษา,210008
6711000016,นาย มะนาวี มะแซ,ประถมศึกษา,210002
6711000025,นาย อดิลัน หะสีแม,ประถมศึกษา,210038
6711000128,นาย อิบรอเฮง ตาเละ,ประถมศึกษา,210002
6711000137,นาง ยาวาเฮ เจ๊ะโซะ,ประถมศึกษา,210002
6711000164,นาย อับดุลวอฮะ มะหะดุง,ประถมศึกษา,210004
6711000191,นางสาว สุไวบ๊ะ อูเซง,ประถมศึกษา,210004
6721000013,นาย สุวรรณ ละเจ๊ะแล,ประถมศึกษา,210004
6721000022,นางสาว ซูไรนี เจ๊ะโซ๊ะ,ประถมศึกษา,210004
6721000031,นางสาว รอฮานี คอเต๊ะ,ประถมศึกษา,210015
6721000068,นาย อาหะมะซัมรี มะเซ็ง,ประถมศึกษา,210002
6721000077,นาย ฟารุจ นิสากุล,ประถมศึกษา,210002
6721000086,นางสาว ซูฟียะ อูเซง,ประถมศึกษา,210004
6721000095,นาย มุสตากีม สาแม,ประถมศึกษา,210015
6721000107,นาย อาลีฟ ดือราแม,ประถมศึกษา,210008
6721000116,นาย อัสรี เจ๊ะแม,ประถมศึกษา,210002
6811000028,นาย เริงศักดิ์ สาหะ,ประถมศึกษา,210002
6811000046,นาย มูฮำหมัดฮารีฟ ตอกอ,ประถมศึกษา,210008
6811000064,นาย มูฮัมหมัดอัสรี บินฮะ,ประถมศึกษา,210002
6811000073,นาย มะอัสรี ลีมอปาแล,ประถมศึกษา,210004
6811000091,นาย มูฮัมหมัดอัฟฟาน อาแด,ประถมศึกษา,210008
6811000103,นาย รีเปง กาเจ,ประถมศึกษา,210002
6811000112,นาย อิกรอม เวาะหลง,ประถมศึกษา,210004
6821000016,นาย มะซูบฮี กาซอ,ประถมศึกษา,210004
6821000025,นาย มูฮัมหมัด เจ๊ะหะมะ,ประถมศึกษา,210002
6821000034,นาย ต่วนอานัส กาเซ็ง,ประถมศึกษา,210002
6821000043,นาย อนันตชัย ซอเฮาะ,ประถมศึกษา,210038
6821000052,นาย อันวา ยะโกะ,ประถมศึกษา,210038
6821000061,นาย อายูวัน อาบู,ประถมศึกษา,210038
6821000070,นาย นิอาบูนียา หะยีนิเลาะ,ประถมศึกษา,210038
6821000089,นาย นัสรันย์ แประสามะ,ประถมศึกษา,210038
6821000098,นาย นัสริน มะมิง,ประถมศึกษา,210038
6911000012,นาย รอพี แยนา,ประถมศึกษา,210015
6911000049,นาย แดนี่ ปะจู,ประถมศึกษา,210015
6911000058,เด็กชาย มูฮำหมัดแวฟากิม บินยา,ประถมศึกษา,210008
6911000067,เด็กหญิง นูรฮาซีกีน สมาแอ,ประถมศึกษา,210008
6911000076,นาย ซูเบร รีรา,ประถมศึกษา,210004
6911000085,นาย กูอามีน เฮงสาแม,ประถมศึกษา,210038
6911000094,นางสาว สีตีมารีแย แตเม๊าะ,ประถมศึกษา,210015
6911000106,เด็กหญิง อัรฟะฮ์ แก้วมณีชัย,ประถมศึกษา,210015
6911000115,เด็กชาย แวมูฮัมหมัดอัคลีมี มูซอ,ประถมศึกษา,210015
6911000124,นางสาว ฟาตือเมาะ สาและ,ประถมศึกษา,210004
6911000133,นาย สาเหาะ เปาะกะเด็ง,ประถมศึกษา,210037
6911000142,นาย เลาะ มะ,ประถมศึกษา,210037
6911000151,นาย มะนาเซ ตีซา,ประถมศึกษา,210037
6911000160,นาย อุสมาน ฮาแว,ประถมศึกษา,210037
6911000179,นาย สุไลมาน ยาตามา,ประถมศึกษา,210038
6911000188,นาย บิลยามิง มะสะ,ประถมศึกษา,210002
6911000197,นาย อิควาน มะสะ,ประถมศึกษา,210002
6911000209,นาย ไฟซอล มะหะมัด,ประถมศึกษา,210015
6911000218,นาย สมาน วาลี,ประถมศึกษา,210002
6911000227,นาย อานัส ยูโซะ,ประถมศึกษา,210038
6911000236,นาย อาฟิก มะซง,ประถมศึกษา,210015
6911000245,นาย ธนินท์ธร ยะถัง,ประถมศึกษา,210039
6911000254,นาย อับดุลฟอร์ลัน สาอิ,ประถมศึกษา,210038
6911000263,นาย ฟิตรี มาแจ,ประถมศึกษา,210015
6911000272,นางสาว อายเซาะ ตาลิดิง,ประถมศึกษา,210039
6911000281,นางสาว ซารีนา เจ๊ะโซะ,ประถมศึกษา,210039
5712000522,นาย มุสลิม จาวะมะลา,มัธยมศึกษาตอนต้น,220009
5812000329,นาย อาหามะซูฮัยมิน บินเซะ,มัธยมศึกษาตอนต้น,220014
5912000247,นางสาว รุสนา วาจิ,มัธยมศึกษาตอนต้น,220005
6012000081,นางสาว กานารียะฮ์ ตาลาปะอาเลน,มัธยมศึกษาตอนต้น,220015
6012000223,นาย ฮาพิซ มะลี,มัธยมศึกษาตอนต้น,220005
6012000616,นางสาว นูซูลา ยาซิง,มัธยมศึกษาตอนต้น,220023
6012001789,นาย ไอดีล ดีรี,มัธยมศึกษาตอนต้น,220014
6012001873,นางสาว มาริสา เลาะยา,มัธยมศึกษาตอนต้น,220014
6022000444,นาย อาติ สามะ,มัธยมศึกษาตอนต้น,220010
6022000837,นาย อาวี แนฮะ,มัธยมศึกษาตอนต้น,220022
6112000020,นาย ฮาซาดิ ลาโละซู,มัธยมศึกษาตอนต้น,220023
6112000561,นาย มะซัยนุน โกะจับ,มัธยมศึกษาตอนต้น,220023
6112000712,นาย รุสลัน ดือรา,มัธยมศึกษาตอนต้น,220010
6112000730,นางสาว กิติมา หะมะ,มัธยมศึกษาตอนต้น,220010
6112000990,นาย ซู สะอะ,มัธยมศึกษาตอนต้น,220023
6122000269,นาย มูฮำหมัดตัรมีซี ติยี,มัธยมศึกษาตอนต้น,220004
6122000380,นางสาว มารีแย บาโอะ,มัธยมศึกษาตอนต้น,220010
6122000531,นาย อับดุลซาฟารี กลับกลาย,มัธยมศึกษาตอนต้น,220010
6122000791,นาย อาลิฟ สามะเตะ,มัธยมศึกษาตอนต้น,220023
6122000924,นางสาว นุรอัดนิน สะสือแม,มัธยมศึกษาตอนต้น,220022
6122001145,นางสาว พีตือเราะ ดาแมะยี,มัธยมศึกษาตอนต้น,220031
6122001202,นาย กาแม กาดามุง,มัธยมศึกษาตอนต้น,220023
6212000715,นาย อานัส วาราวอ,มัธยมศึกษาตอนต้น,220014
6212000836,นาย อาราวี มะดง,มัธยมศึกษาตอนต้น,220010
6212000854,นาย มูฮัมหมัดคูไซฟี หะยีวาจิ,มัธยมศึกษาตอนต้น,220010
6212001440,นาย นาสราน โซะ,มัธยมศึกษาตอนต้น,220023
6212001486,นาย อาราฟัต ดือเระ,มัธยมศึกษาตอนต้น,220023
6212001525,นางสาว โรกามีซา เต๊ะ,มัธยมศึกษาตอนต้น,220023
6222000114,นาย กูไอดี โต๊ะนิ,มัธยมศึกษาตอนต้น,220009
6222000404,นางสาว รอกีเยาะ มะลี,มัธยมศึกษาตอนต้น,220004
6222000413,นาย อิฟฟัตย์ นาแซ,มัธยมศึกษาตอนต้น,220023
6222000477,นาย อับดุลสาลาม บินเจ๊ะวานิ,มัธยมศึกษาตอนต้น,220004
6222000507,นาย ภานุพันธ์ หลังจิ,มัธยมศึกษาตอนต้น,220004
6222000534,นาย มูฮัมหมัดเซาฟีร ปะจู,มัธยมศึกษาตอนต้น,220004
6222000851,นาย พันธ์วงค์ กลับกลาย,มัธยมศึกษาตอนต้น,220039
6312000231,นาย อับดุลซาฟิส สตาปอ,มัธยมศึกษาตอนต้น,220010
6312000259,นางสาว นูรฮายาตี อาแว,มัธยมศึกษาตอนต้น,220010
6312000277,นาย อิบรอเฮม มะรอแม,มัธยมศึกษาตอนต้น,220012
6312000295,นาย นูรุดดิน มะแซ,มัธยมศึกษาตอนต้น,220039
6312000398,นาย อาลีฟ แวฮีเล,มัธยมศึกษาตอนต้น,220022
6322000014,นาย นิไซฟู มามะ,มัธยมศึกษาตอนต้น,220010
6322000023,นางสาว ซีตีนูรีซัน ยะโกะ,มัธยมศึกษาตอนต้น,220010
6322000041,นาย อัฟฟาน มายิ,มัธยมศึกษาตอนต้น,220010
6322000050,นาย นิฟารฮัน นิเซ็ง,มัธยมศึกษาตอนต้น,220004
6322000117,นาย อับดุลกอฮฮัร เจะอาแซ,มัธยมศึกษาตอนต้น,220023
6322000144,นางสาว นูรูฟาติร ยูโซ๊ะ,มัธยมศึกษาตอนต้น,220023
6322000322,นาย อัคบาร์ซาวา สะเซ็ง,มัธยมศึกษาตอนต้น,220031
6322000434,นาย มะนากี วอหะ,มัธยมศึกษาตอนต้น,220005
6322000470,นาย อาหามะ วอหะ,มัธยมศึกษาตอนต้น,220012
6322000519,นางสาว โซเฟีย พรหมอำไพย,มัธยมศึกษาตอนต้น,220010
6322000863,นางสาว ไซตน บอเถาะ,มัธยมศึกษาตอนต้น,220010
6322001262,นาย ซูฟีกา เซ็ง,มัธยมศึกษาตอนต้น,220010
6322001271,นาย มูฮัมหมัด ดอเลาะ,มัธยมศึกษาตอนต้น,220023
6322001280,นาย มะซูฟี หามะ,มัธยมศึกษาตอนต้น,220023
6412000038,นางสาว ซีตีฟาตีเม๊าะ เจะมิง,มัธยมศึกษาตอนต้น,220010
6412000056,นางสาว ยาวานี สาเม๊าะ,มัธยมศึกษาตอนต้น,220008
6412000092,นาย อิรฟาน วาเต๊ะ,มัธยมศึกษาตอนต้น,220012
6412000195,นางสาว อาซูรา วาเด็งพงค์,มัธยมศึกษาตอนต้น,220023
6412000234,นาย อันวา อีแต,มัธยมศึกษาตอนต้น,220022
6412000270,นาย มุรญันต์ ปิยะปิ,มัธยมศึกษาตอนต้น,220005
6412000382,นาย อิมรอน มะดาอิง,มัธยมศึกษาตอนต้น,220001
6422000044,นาย ซูลฮากี ดิง,มัธยมศึกษาตอนต้น,220005
6422000080,นางสาว นูรูอักมา บาหลัง,มัธยมศึกษาตอนต้น,220004
6422000101,นาย กูอัฟนาน ประกอบการคดี,มัธยมศึกษาตอนต้น,220031
6422000129,นางสาว ซูไฮลา ยารี,มัธยมศึกษาตอนต้น,220001
6422000138,นาย อุกาซะ เจะซามะ,มัธยมศึกษาตอนต้น,220001
6422000316,นาย ฟิตตรี อาบ๊ะ,มัธยมศึกษาตอนต้น,220012
6422000325,นางสาว ซูใรคอ ยาอีสะมะแอ,มัธยมศึกษาตอนต้น,220012
6422000334,นางสาว นัสริน ดีสะเอะ,มัธยมศึกษาตอนต้น,220012
6422000343,นาย ลุกมาน ยูโซ๊ะ,มัธยมศึกษาตอนต้น,220004
6512000040,นาย ลุกมัง ยูโซะลีเมาะ,มัธยมศึกษาตอนต้น,220015
6512000152,นางสาว มีมี พรหมอำไพย,มัธยมศึกษาตอนต้น,220010
6512000255,นางสาว โซรายา บินยูโซะ,มัธยมศึกษาตอนต้น,220005
6512000330,นางสาว รอฮีม๊ะ ซามะ,มัธยมศึกษาตอนต้น,220023
6512000349,นางสาว ซูรา กาเซ็ง,มัธยมศึกษาตอนต้น,220023
6512000620,นาย ต่วนนาเซ ลอนิ,มัธยมศึกษาตอนต้น,220016
6512000817,นาย คุนาวิน อารง,มัธยมศึกษาตอนต้น,220016
6512000947,นาย รุสดี สาและ,มัธยมศึกษาตอนต้น,220004
6522000131,นาย มูฮำหมัดไฟรุส แซะบีดิง,มัธยมศึกษาตอนต้น,220031
6522000243,นาย สุไลมาน อูมาร์,มัธยมศึกษาตอนต้น,220041
6522000252,นาย ลุกมาน ยาแล,มัธยมศึกษาตอนต้น,220022
6522000261,นางสาว ฟาตีฮะ หะระ,มัธยมศึกษาตอนต้น,220022
6522000270,นาย มูฮัมหมัดโซฟี ซาแม,มัธยมศึกษาตอนต้น,220004
6522000300,นางสาว ตัจวีญ แช่จ่าว,มัธยมศึกษาตอนต้น,220003
6522000382,นาย มูฮัมหมัดฮัมดัม หะยีสาและ,มัธยมศึกษาตอนต้น,220009
6522000403,นาย แดเนียล ดือราซอ,มัธยมศึกษาตอนต้น,220004
6612000119,นางสาว ฟาตีฮะห์ สือนิ,มัธยมศึกษาตอนต้น,220002
6612000128,นาย ลุกมาน ปิดอเลาะ,มัธยมศึกษาตอนต้น,220003
6612000230,นาย มูฮัมหมัดอามัล มือลี,มัธยมศึกษาตอนต้น,220015
6612000333,นาย อิมรอน มะแซ,มัธยมศึกษาตอนต้น,220022
6612000388,นาย ซาฟาวี มะ,มัธยมศึกษาตอนต้น,220023
6612000418,นาง อารีฟะ อาแวกะจิ,มัธยมศึกษาตอนต้น,220022
6612000445,นางสาว นูรซาเฮรา รอนิง,มัธยมศึกษาตอนต้น,220022
6612000463,นาย มูซอฟัร วาแต,มัธยมศึกษาตอนต้น,220040
6612000481,นาย มูหมัดฮูเซง ตาเยะ,มัธยมศึกษาตอนต้น,220003
6622000022,นาย มูฮัมมัดไฟซู อูเซ็ง,มัธยมศึกษาตอนต้น,220022
6622000068,นาย อัสรี เจ๊ะมะ,มัธยมศึกษาตอนต้น,220014
6622000116,นาย ไซมิง เจ๊ะและ,มัธยมศึกษาตอนต้น,220002
6622000170,นาย อบัศห์ ม่วงพัน,มัธยมศึกษาตอนต้น,220001
6622000198,นาย อิบรอฮิม มาน๊ะ,มัธยมศึกษาตอนต้น,220001
6622000255,นาย อิบรอเฮ็ม ปอรอซู,มัธยมศึกษาตอนต้น,220023
6622000273,นางสาว รูนีย์ เจ๊ะและ,มัธยมศึกษาตอนต้น,220023
6622000291,นาย สะแปอิง ดือราแม,มัธยมศึกษาตอนต้น,220003
6622000312,นาย มะโซฟี สะมาแอ,มัธยมศึกษาตอนต้น,220003
6622000424,นางสาว ลีซาวาตี ตาเละ,มัธยมศึกษาตอนต้น,220008
6622000451,นาย มูหะมะ มะดีเยาะ,มัธยมศึกษาตอนต้น,220015
6622000497,นาย ฮากีมัน ยาซิง,มัธยมศึกษาตอนต้น,220014
6622000527,นาย ฮาฟีรุส วาโด,มัธยมศึกษาตอนต้น,220005
6622000536,นาย มะฮาฟีส เลาะแว,มัธยมศึกษาตอนต้น,220023
6622000590,นางสาว ซาฮานา ยูโซ๊ะ,มัธยมศึกษาตอนต้น,220012
6622000602,นาย ซานูซี ตาเยะ,มัธยมศึกษาตอนต้น,220012
6622000620,นาย ซาห์รีฟ บือซา,มัธยมศึกษาตอนต้น,220002
6622000639,นางสาว นูรีฮา มะรอแมโน,มัธยมศึกษาตอนต้น,220010
6622000675,นาย มูฮัมหมัดอาลีฟ ดอเล๊าะ,มัธยมศึกษาตอนต้น,220012
6622000684,นาย มูฮำหมัดซาฟีอี อาลี,มัธยมศึกษาตอนต้น,220012
6622000705,นาย อัสมิง โตะเหะ,มัธยมศึกษาตอนต้น,220023
6622000723,นางสาว นูรฮายาตี การะเจ็ง,มัธยมศึกษาตอนต้น,220007
6712000019,นาย อับดุลเราะห์มัน แม็ง,มัธยมศึกษาตอนต้น,220015
6712000028,นางสาว ไซตง เตะตานิง,มัธยมศึกษาตอนต้น,220015
6712000055,นาย วิลดาน หะเล๊าะ,มัธยมศึกษาตอนต้น,220010
6712000103,นาย กันดา สุหลง,มัธยมศึกษาตอนต้น,220014
6712000130,นาย ยาหะยา สาและ,มัธยมศึกษาตอนต้น,220008
6712000149,นาย อับดุลฮากีม อูมา,มัธยมศึกษาตอนต้น,220016
6712000167,นาย อาหามะ ตือเงาะ,มัธยมศึกษาตอนต้น,220016
6712000176,นาย กูฟารีด กูโอะ,มัธยมศึกษาตอนต้น,220012
6712000185,นางสาว นูรีซัน ดารอนิง,มัธยมศึกษาตอนต้น,220012
6712000206,นาย อับดุลอาเล็ม ดือรามะ,มัธยมศึกษาตอนต้น,220012
6712000251,นาย กูอับดุลบาริ กูจิ,มัธยมศึกษาตอนต้น,220001
6712000260,นาย ซารีฟ บืองาฉา,มัธยมศึกษาตอนต้น,220001
6712000297,นาย รูบีอี จูกูยี,มัธยมศึกษาตอนต้น,220001
6712000318,นาย รอกิ บินมะมิง,มัธยมศึกษาตอนต้น,220001
6712000327,นาย สะการียา ยูโซะ,มัธยมศึกษาตอนต้น,220023
6712000336,นาย นาโซรี ยะนายาเน็ง,มัธยมศึกษาตอนต้น,220023
6712000448,นาย อัมดัน สาแลง,มัธยมศึกษาตอนต้น,220009
6712000466,นาย ริดวาน สมาแอ,มัธยมศึกษาตอนต้น,220009
6712000475,นาย ไฟรุส สาแม,มัธยมศึกษาตอนต้น,220009
6712000514,นาย อัฏฮา เจ๊ะเต๊ะ,มัธยมศึกษาตอนต้น,220016
6712000626,นาย อารีฟ มะเซ็ง,มัธยมศึกษาตอนต้น,220002
6712000699,นางสาว สาฟีรา ตาเย๊ะ,มัธยมศึกษาตอนต้น,220039
6712000729,นาย มูฮัมหมัดอะนัส เจ๊ะอูมา,มัธยมศึกษาตอนต้น,220038
6712000738,นาย ธีรวัฒน์ จันทรคง,มัธยมศึกษาตอนต้น,220038
6712000783,นางสาว อัสมีนี ยูโซ๊ะ,มัธยมศึกษาตอนต้น,220004
6712000804,นาย ลุกมัน สามะ,มัธยมศึกษาตอนต้น,220004
6712000840,นาย มูบาร๊อก ดารายีสาฮอ,มัธยมศึกษาตอนต้น,220002
6712000877,นางสาว ซัลมิง จูแฮ,มัธยมศึกษาตอนต้น,220012
6712000916,นางสาว อนีสะ หมัดอะดัม,มัธยมศึกษาตอนต้น,220038
6712000934,นาย อับดุลเราะมัน สำมือลา,มัธยมศึกษาตอนต้น,220038
6712000970,นางสาว อัศนี หมัดอาดรัม,มัธยมศึกษาตอนต้น,220038
6722000016,นาย อาสวัน เจะมิง,มัธยมศึกษาตอนต้น,220039
6722000025,นางสาว ลีซาวาตี ฮะยีมะมิง,มัธยมศึกษาตอนต้น,220039
6722000034,นางสาว นิชากร เกื้อทอง,มัธยมศึกษาตอนต้น,220039
6722000052,นางสาว อัสรีนา ฮะยีมะมิง,มัธยมศึกษาตอนต้น,220039
6722000061,นาย อาวาติบ บูแมคาลี,มัธยมศึกษาตอนต้น,220023
6722000089,นางสาว บีบีซาร่า เจ๊ะปอ,มัธยมศึกษาตอนต้น,220031
6722000098,นาย มัสลัน มูหิ,มัธยมศึกษาตอนต้น,220004
6722000100,เด็กชาย ราฟี่ ปะจูศาลา,มัธยมศึกษาตอนต้น,220015
6722000119,นาย มะการี ยูโซ๊ะ,มัธยมศึกษาตอนต้น,220012
6722000128,นาย อานูวา เจ๊ะดอเล๊าะ,มัธยมศึกษาตอนต้น,220012
6722000137,นาย มูฮัมหมัดนัฟซิห์ สายากู,มัธยมศึกษาตอนต้น,220012
6722000146,นาย มูฮัมหมัดฟาอีซ ยูโซะ,มัธยมศึกษาตอนต้น,220031
6722000155,นางสาว นูรีฮัน วาเต๊ะ,มัธยมศึกษาตอนต้น,220008
6722000164,นาย มุสลีมีน มะดาอิง,มัธยมศึกษาตอนต้น,220001
6722000173,นาย อับดุลฮากีม ลาโบ๊ะ,มัธยมศึกษาตอนต้น,220001
6722000182,นาย นิดูอาร์ นินา,มัธยมศึกษาตอนต้น,220001
6722000191,นาย ตอลฮะห์ วาเฮง,มัธยมศึกษาตอนต้น,220001
6722000203,นาย รอมฎอน อามะ,มัธยมศึกษาตอนต้น,220001
6722000212,นาย มูฮัมหมัด ดิง,มัธยมศึกษาตอนต้น,220016
6722000221,นาย อับดุลมูหัยมิน มาซา,มัธยมศึกษาตอนต้น,220016
6722000230,นาย มูฮำหมัดไซฟู ฮะ,มัธยมศึกษาตอนต้น,220041
6722000249,นาย มูฮัมหมัดไซฟู ยะซา,มัธยมศึกษาตอนต้น,220041
6722000258,นาย ซาฟาฮีน ดาหะแม,มัธยมศึกษาตอนต้น,220016
6722000267,นาย บาดือรู บินดอเลาะ,มัธยมศึกษาตอนต้น,220012
6722000276,นาย อาฟิก บือราเฮง,มัธยมศึกษาตอนต้น,220023
6722000285,นาย อิสมัต ยีรอหา,มัธยมศึกษาตอนต้น,220003
6722000294,นางสาว นูรอัยมาน วาพา,มัธยมศึกษาตอนต้น,220003
6722000306,นาย มูฮำหมัดซีกีน บากา,มัธยมศึกษาตอนต้น,220022
6722000315,นาย มูฮำหมัด ตาตอเละ,มัธยมศึกษาตอนต้น,220022
6722000324,นาย รอมมือลี สาและ,มัธยมศึกษาตอนต้น,220022
6722000333,นาย อัมรี ปานาเละ,มัธยมศึกษาตอนต้น,220005
6722000342,นาย มูฮัมหมัดซาฟีอีล ตาตอเละ,มัธยมศึกษาตอนต้น,220005
6722000351,นาย มะฟันดี ดามูน๊ะ,มัธยมศึกษาตอนต้น,220014
6722000379,นาย มุคลีซัน เจ๊ะแว,มัธยมศึกษาตอนต้น,220014
6722000388,นาย ซูเปียน เจ๊ะอูมา,มัธยมศึกษาตอนต้น,220002
6722000397,นางสาว ฝาติน มาลอตาฮู,มัธยมศึกษาตอนต้น,220008
6722000409,นาย มูฮัมหมัดอูบัย วาแต,มัธยมศึกษาตอนต้น,220005
6722000418,นาย ฮัมกัล รอมะ,มัธยมศึกษาตอนต้น,220012
6722000427,นาย อิมรอน สาและ,มัธยมศึกษาตอนต้น,220009
6722000472,นางสาว ซารีฮ๊ะ มูซอ,มัธยมศึกษาตอนต้น,220014
6722000490,นาย อิรฟาน มูซอ,มัธยมศึกษาตอนต้น,220014
6722000502,นาย ซูดี มะราเซะ,มัธยมศึกษาตอนต้น,220014
6722000511,นาย เฟาซัน ฮามะ,มัธยมศึกษาตอนต้น,220039
6722000520,นางสาว ฟิรดาวส์ ซารีมะแซ,มัธยมศึกษาตอนต้น,220003
6722000539,นาย อาฮามะ วานิ,มัธยมศึกษาตอนต้น,220004
6722000548,นาย มูฮัมหมัดซาไฮรา บูละ,มัธยมศึกษาตอนต้น,220004
6722000557,นางสาว นิฮัสวานี นิกานิง,มัธยมศึกษาตอนต้น,220031
6722000566,นาย ฮัมเซาะห์ เจ๊ะดือเระ,มัธยมศึกษาตอนต้น,220016
6722000575,นาย นิมูฮำหมัดฆอยรณ สาเหะเยะ,มัธยมศึกษาตอนต้น,220002
6722000584,นาย นิฮาเรฟ บินสาเม๊าะ,มัธยมศึกษาตอนต้น,220002
6722000593,นาย อาฟันดี อาลี,มัธยมศึกษาตอนต้น,220015
6722000605,นาย อัฎฮา สะอิ,มัธยมศึกษาตอนต้น,220015
6722000614,นาย สาเหะบากอรี สาเหะเยะ,มัธยมศึกษาตอนต้น,220002
6722000623,นาย มูฮัมมัดลิสฟูร์ ยีดิง,มัธยมศึกษาตอนต้น,220014
6722000632,นาย มูฮัมหมัดรอมฎอน อาลี,มัธยมศึกษาตอนต้น,220015
6722000641,นาย อัซฟันดี อียา,มัธยมศึกษาตอนต้น,220005
6722000650,นาย ฟิตรี ดวงตา,มัธยมศึกษาตอนต้น,220005
6722000678,นาย ฟารมี สะอิ,มัธยมศึกษาตอนต้น,220004
6722000687,นาย มะโซกี อูมา,มัธยมศึกษาตอนต้น,220004
6722000696,นาย ไซมิง ตาเละ,มัธยมศึกษาตอนต้น,220002
6722000708,นางสาว สอรีย๊ะ ตอกอ,มัธยมศึกษาตอนต้น,220002
6722000717,นาย วาอิล ดาโอะ,มัธยมศึกษาตอนต้น,220008
6812000012,นาย อิลฟาน มะดีซู,มัธยมศึกษาตอนต้น,220005
6812000021,นางสาว ซาวานาบีลา วาเล๊าะ,มัธยมศึกษาตอนต้น,220005
6812000030,นาย ฟัยซู บาสอ,มัธยมศึกษาตอนต้น,220022
6812000049,นางสาว นูร์นาซีฟา บาราเห็ง,มัธยมศึกษาตอนต้น,220022
6812000058,นาย อานัส มะดาบู,มัธยมศึกษาตอนต้น,220004
6812000067,นาย มูฮำหมัดไอมานราฟี หะมะ,มัธยมศึกษาตอนต้น,220031
6812000076,นาย ซุลกิพลี ลาเต๊ะ,มัธยมศึกษาตอนต้น,220023
6812000085,นางสาว ซอลีฮา กูนิง,มัธยมศึกษาตอนต้น,220023
6812000094,นาย ฮากีมี สุเดาะ,มัธยมศึกษาตอนต้น,220023
6812000106,นาย สกรี สาและ,มัธยมศึกษาตอนต้น,220001
6812000115,นาย อิลฮัม มาหะมะ,มัธยมศึกษาตอนต้น,220001
6812000124,นาย ริฎวาลย์ บือซา,มัธยมศึกษาตอนต้น,220001
6812000133,นาย มูหามะฮาคริซ อาแด,มัธยมศึกษาตอนต้น,220001
6812000142,นาย มูฮำหมัดไฟซอล เด็ง,มัธยมศึกษาตอนต้น,220001
6812000151,นาย สมชาย สะอะ,มัธยมศึกษาตอนต้น,220003
6812000160,นาย อามีน สาแมแมง,มัธยมศึกษาตอนต้น,220003
6812000179,นาย ต่วนอัฟฎอล ประกอบการคดี,มัธยมศึกษาตอนต้น,220003
6812000188,นาย ฮิลมีย์ เจ๊ะโดแซ,มัธยมศึกษาตอนต้น,220003
6812000197,นาย อภิชาต สะอะ,มัธยมศึกษาตอนต้น,220003
6812000218,นาย มูฮำหมัดซอบรี บินดือรามัน,มัธยมศึกษาตอนต้น,220016
6812000227,นางสาว ฟาดีลา ปูเต๊ะ,มัธยมศึกษาตอนต้น,220016
6812000236,นางสาว ฮุสนี รอนิง,มัธยมศึกษาตอนต้น,220016
6812000245,นางสาว ฮุสนา รอนิง,มัธยมศึกษาตอนต้น,220016
6812000254,นางสาว วีดา สูเด็ง,มัธยมศึกษาตอนต้น,220016
6812000263,นางสาว อามาลีนา บินอาสัน,มัธยมศึกษาตอนต้น,220016
6812000272,นาย อานัส เบ็ญอิบราเฮง,มัธยมศึกษาตอนต้น,220016
6812000290,นาย ฟุรกอน มะอูเซ็ง,มัธยมศึกษาตอนต้น,220031
6812000302,นาย ฟาเดล ดือมาลี,มัธยมศึกษาตอนต้น,220031
6812000311,นาย มูฮำหมัดฟารุก สะแปอิง,มัธยมศึกษาตอนต้น,220008
