รหัสกลุ่ม,ชื่อ,นามสกุล,บทบาท
"210037,220037,230037",มูฮามัดสกรี,ลาบูอาปี,ครู
"210038,220038,230036",สุกรี,สาเม๊าะ,ครู
"210001,220001,230001",รุสดา,นิดิง,ครู
"210016,220016,230016",กิสนี,ตอเละ,ครู
"220040,230038",นุรอาซียะ,แซมิง,ครู
"210003,220003,230003",ซีมา,บือราเฮงดือรา,ครู
"220026,230032",กาตีนี,สาเด็ง,ครู
"210023,220023,220023",กาญจนา,พรศิริ,ครู
"210002,230033",ซูไรนับ,หะยีวาเด็ง,ครู
"210022,220022,230023",สาลือมา,บือซา,ครู
"220005,230005",สุไฮนา,มะวะวา,ครู
"220009,220034",มะนาวี,สาบูดิง,ครู
"220031,230031",ฟาตีเมาะ,ปะจูดิง,ครู
"210004,220004,230004",อามีนา,ดามิเด็ง,ครู
"210039,220041,230011",อาซียะห์,โละมะ,ครู
"210024,220002,230002",รูฮานา,กือลาแต,ครู
"210008,210008,230008",สุนีย์,บินแวนาแว,ครู
"210007,220007,230007",รุซฎา,วาเจะ,ครู
"210014,210014,230014",อานีซา,สะมะแอ,ครู
"210012,220012,220012",นาดีญา,สาและ,ครู
"210015,220015,230015",อามลีนา,อูมา,ครู
"210010,220010,230010",อดุลย์,ซะลอ,ครู
"220042,230039",นุชนารถ,แก้วถาวร,ครู
